end_station,Sub_use,Cus_use,Avg_Sub_EET,Avg_Cus_EET
,568318,467941,17.04971336,17.0333354
Streeter Dr & Grand Ave,50139,171213,17.16841182,16.41291257
Millennium Park,33614,100312,16.76477063,16.48258434
Lake Shore Dr & Monroe St,31040,93349,17.09590851,16.39256982
Michigan Ave & Oak St,44341,89154,17.03973749,16.5408731
Theater on the Lake,72415,77153,17.2466616,16.48396044
Lake Shore Dr & North Blvd,70312,69354,17.62300887,16.6533293
Streeter Dr & Illinois St,9809,50297,17.17708227,16.34288327
Shedd Aquarium,14196,47527,16.90842491,15.84964336
Indiana Ave & Roosevelt Rd,75243,41693,17.34867031,16.98081213
Adler Planetarium,16279,40992,17.1533878,16.51161202
