start_station,Sub_use,Cus_use,Avg_Sub_MST,Avg_Cus_MST,,end_station,Sub_use,Cus_use,Avg_Sub_MET,Avg_Cus_MET
,377919,230396,8.88,8.47,,,369135,271685,8.92,8.47
Streeter Dr & Grand Ave,33274,69527,9.37,10.60,,Streeter Dr & Grand Ave,37206,110741,9.41,10.73
Lake Shore Dr & Monroe St,17280,61212,9.77,10.46,,Millennium Park,53805,62688,8.87,10.04
Michigan Ave & Oak St,30288,54485,9.38,10.06,,Michigan Ave & Oak St,57441,60535,8.92,10.18
Millennium Park,17193,49082,9.40,9.75,,Lake Shore Dr & Monroe St,21899,60080,9.71,10.43
Theater on the Lake,40534,37594,9.45,10.29,,Theater on the Lake,44538,57924,9.51,10.52
Shedd Aquarium,10777,30475,9.84,10.95,,Shedd Aquarium,19098,51829,9.11,10.63
Lake Shore Dr & North Blvd,28193,28399,9.45,10.45,,Lake Shore Dr & North Blvd,28892,43230,9.67,10.59
Indiana Ave & Roosevelt Rd,65227,26411,8.34,9.64,,Streeter Dr & Illinois St,9379,35165,9.16,10.64
Michigan Ave & Washington St,45396,26183,8.51,9.36,,Adler Planetarium,16847,29679,9.42,10.53
Dusable Harbor,10930,24738,9.52,10.54,,Michigan Ave & Washington St,108714,28630,8.33,9.40
,,,,,,,,,,
,,,,,,,,,,
start_station,Sub_use,Cus_use,Avg_Sub_EST,Avg_Cus_EST,,end_station,Sub_use,Cus_use,Avg_Sub_EET,Avg_Cus_EET
,765304,602327,16.87,16.84,,,778097,704839,16.87,16.80
Streeter Dr & Grand Ave,87674,350204,17.02,16.54,,Streeter Dr & Grand Ave,79184,360247,16.72,16.11
Lake Shore Dr & Monroe St,57877,214186,17.17,16.35,,Millennium Park,48214,199647,16.52,16.33
Millennium Park,83123,189229,17.26,16.56,,Lake Shore Dr & Monroe St,51587,192661,16.66,16.17
Michigan Ave & Oak St,98368,166252,16.88,16.32,,Michigan Ave & Oak St,69685,179553,16.55,16.16
Theater on the Lake,120137,162132,17.05,16.32,,Theater on the Lake,112489,166324,16.70,15.99
Lake Shore Dr & North Blvd,87231,138075,17.32,16.45,,Lake Shore Dr & North Blvd,99944,145838,17.01,16.05
Shedd Aquarium,31595,136635,16.81,15.73,,Streeter Dr & Illinois St,15570,103987,16.72,16.11
Adler Planetarium,35348,97422,17.13,16.30,,Shedd Aquarium,24350,99147,16.48,15.59
Streeter Dr & Illinois St,17349,93038,17.00,16.62,,Adler Planetarium,28672,82147,16.71,16.21
Dusable Harbor,30326,85970,17.15,16.38,,Indiana Ave & Roosevelt Rd,95579,77835,17.17,16.74
