start_station,Sub_use,Cus_use,Avg_Sub_EST,Avg_Cus_EST,,end_station,Sub_use,Cus_use,Avg_Sub_EET,Avg_Cus_EET
,765304,602327,16.87,16.84,,,778097,704839,16.87,16.80
Daley Center Plaza,147004,28529,16.84,16.55,,Clinton St & Washington Blvd,222330,16713,16.35,16.58
Clinton St & Madison St,142594,26104,17.00,16.74,,Canal St & Adams St,219960,20652,16.42,16.83
Franklin St & Monroe St,136608,19538,16.63,16.42,,Clinton St & Madison St,168315,23448,16.61,17.07
Kingsbury St & Kinzie St,134122,26560,16.71,16.55,,Canal St & Madison St,160140,20874,16.41,17.09
Canal St & Adams St,132155,23171,17.11,16.76,,Clark St & Elm St,145275,53065,17.16,16.86
Columbus Dr & Randolph St,129422,53377,16.66,16.44,,Wells St & Concord Ln,120819,52710,17.07,16.90
Clinton St & Washington Blvd,128244,20100,16.96,16.61,,Wabash Ave & Roosevelt Rd,116229,44018,16.96,16.93
Dearborn St & Monroe St,124497,26029,16.53,16.41,,Theater on the Lake,112489,166324,16.70,15.99
Orleans St & Merchandise Mart Plaza,123950,21979,16.79,16.64,,Kingsbury St & Kinzie St,109711,23670,16.66,16.72
Michigan Ave & Washington St,123795,74657,16.91,16.55,,Clark St & Armitage Ave,102705,62892,17.19,16.37
